id,title,genres,overview,cast,director
1197306,A Working Man,"[""Action"", ""Crime"", ""Thriller""]","Levon Cade left behind a decorated military career in the black ops to live a simple life working construction. But when his boss's daughter, who is like family to him, is taken by human traffickers, his search to bring her home uncovers a world of corruption far greater than he ever could have imagined.","[""Jason Statham"", ""David Harbour"", ""Michael Pe\u00f1a"", ""Jason Flemyng"", ""Arianna Rivas""]",David Ayer
324544,In the Lost Lands,"[""Fantasy"", ""Adventure"", ""Action""]","A queen sends the powerful and feared sorceress Gray Alys to the ghostly wilderness of the Lost Lands in search of a magical power, where she and her guide, the drifter Boyce, must outwit and outfight both man and demon.","[""Milla Jovovich"", ""Dave Bautista"", ""Arly Jover"", ""Amara Okereke"", ""Fraser James""]",Paul W. S. Anderson
950387,A Minecraft Movie,"[""Family"", ""Comedy"", ""Adventure"", ""Fantasy""]","Four misfits find themselves struggling with ordinary problems when they are suddenly pulled through a mysterious portal into the Overworld: a bizarre, cubic wonderland that thrives on imagination. To get back home, they'll have to master this world while embarking on a magical quest with an unexpected, expert crafter, Steve.","[""Jason Momoa"", ""Jack Black"", ""Sebastian Eugene Hansen"", ""Emma Myers"", ""Danielle Brooks""]",Jared Hess
822119,Captain America: Brave New World,"[""Action"", ""Thriller"", ""Science Fiction""]","After meeting with newly elected U.S. President Thaddeus Ross, Sam finds himself in the middle of an international incident. He must discover the reason behind a nefarious global plot before the true mastermind has the entire world seeing red.","[""Anthony Mackie"", ""Harrison Ford"", ""Danny Ramirez"", ""Shira Haas"", ""Tim Blake Nelson""]",Julius Onah
1045938,G20,"[""Action"", ""Mystery"", ""Drama""]","After the G20 Summit is overtaken by terrorists, President Danielle Sutton must bring all her statecraft and military experience to defend her family and her fellow leaders.","[""Viola Davis"", ""Anthony Anderson"", ""Marsai Martin"", ""Ram\u00f3n Rodr\u00edguez"", ""Douglas Hodge""]",Patricia Riggen
1195506,Novocaine,"[""Action"", ""Comedy"", ""Thriller""]","When the girl of his dreams is kidnapped, everyman Nate turns his inability to feel pain into an unexpected strength in his fight to get her back.","[""Jack Quaid"", ""Amber Midthunder"", ""Ray Nicholson"", ""Jacob Batalon"", ""Betty Gabriel""]",Dan Berk
1293286,Gunslingers,"[""Western"", ""Action""]","When the most wanted man in America surfaces in a small Kentucky town, his violent history -- and a blood-thirsty mob seeking vengeance and a king’s ransom -- soon follow. As brothers face off against one another and bullets tear the town to shreds, this lightning-fast gunslinger makes his enemies pay the ultimate price for their greed.","[""Stephen Dorff"", ""Heather Graham"", ""Nicolas Cage"", ""Randall Batinkoff"", ""Cooper Barnes""]",Brian Skiba
1244944,The Woman in the Yard,"[""Horror"", ""Mystery""]","In the aftermath of her husband's death, widow Ramona's struggle to raise her two kids is hindered by the arrival of a mysterious woman with supernatural abilities.","[""Danielle Deadwyler"", ""Okwui Okpokwasili"", ""Peyton Jackson"", ""Estella Kahiha"", ""Russell Hornsby""]",Jaume Collet-Serra
1233413,Sinners,"[""Horror"", ""Action"", ""Thriller""]","Trying to leave their troubled lives behind, twin brothers return to their hometown to start again, only to discover that an even greater evil is waiting to welcome them back.","[""Michael B. Jordan"", ""Miles Caton"", ""Hailee Steinfeld"", ""Wunmi Mosaku"", ""Jack O'Connell""]",Ryan Coogler
615,The Passion of the Christ,"[""Drama""]",A graphic portrayal of the last twelve hours of Jesus of Nazareth's life.,"[""Jim Caviezel"", ""Maia Morgenstern"", ""Christo Jivkov"", ""Francesco De Vito"", ""Monica Bellucci""]",Mel Gibson
1312833,A Knight's War,"[""Horror"", ""Action"", ""Fantasy""]","A fearless knight braves a deadly realm to save the Chosen One’s soul. Facing witches, demons, and brutal foes, he discovers her return could ignite chaos and doom humanity.","[""Jeremy Ninaber"", ""Kristen Kaster"", ""Matthew Ninaber"", ""Kristen MacCulloch"", ""Sasha Ormond""]",Matthew Ninaber
1241982,Moana 2,"[""Animation"", ""Adventure"", ""Family"", ""Comedy""]","After receiving an unexpected call from her wayfinding ancestors, Moana journeys alongside Maui and a new crew to the far seas of Oceania and into dangerous, long-lost waters for an adventure unlike anything she's ever faced.","[""Auli\u02bbi Cravalho"", ""Dwayne Johnson"", ""Hual\u0101lai Chung"", ""Rose Matafeo"", ""David Fane""]",David G. Derrick Jr.
762509,Mufasa: The Lion King,"[""Adventure"", ""Family"", ""Animation""]","Mufasa, a cub lost and alone, meets a sympathetic lion named Taka, the heir to a royal bloodline. The chance meeting sets in motion an expansive journey of a group of misfits searching for their destiny.","[""Aaron Pierre"", ""Kelvin Harrison, Jr."", ""Tiffany Boone"", ""Kagiso Lediga"", ""Preston Nyman""]",Barry Jenkins
939243,Sonic the Hedgehog 3,"[""Action"", ""Science Fiction"", ""Comedy"", ""Family""]","Sonic, Knuckles, and Tails reunite against a powerful new adversary, Shadow, a mysterious villain with powers unlike anything they have faced before. With their abilities outmatched in every way, Team Sonic must seek out an unlikely alliance in hopes of stopping Shadow and protecting the planet.","[""Jim Carrey"", ""Ben Schwartz"", ""Keanu Reeves"", ""Idris Elba"", ""Colleen O'Shaughnessey""]",Jeff Fowler
1353117,Home Sweet Home: Rebirth,"[""Horror"", ""Fantasy"", ""Thriller"", ""Mystery"", ""Action""]","When a city is overrun with a demonically-possessed crowd, a cop must find the source of evil to save his family.","[""Michele Morrone"", ""William Moseley"", ""Urassaya Sperbund"", ""Alexander"", ""Ting Sue""]",Alexander Kiesl
1125899,Cleaner,"[""Action"", ""Thriller""]","When a group of radical activists take over an energy company's annual gala, seizing 300 hostages, an ex-soldier turned window cleaner suspended 50 storeys up on the outside of the building must save those trapped inside, including her younger brother.","[""Daisy Ridley"", ""Clive Owen"", ""Taz Skylar"", ""Flavia Watson"", ""Ray Fearon""]",Martin Campbell
1373723,The Codes of War,"[""Action"", ""War""]","War stories about family, ethics and honor include the true story of two U.S. Marines who in a span of six seconds, must stand their ground to stop a suicide truck bomb, a Navy Corpsman who attempts to hold on to his humanity, and a WW2 soldier who gets separated from his squad and is forced to re-evaluate his code.","[""Noah Gray-Cabey"", ""Michael Grant""]",Paul Anderson
696506,Mickey 17,"[""Science Fiction"", ""Comedy"", ""Adventure""]","Unlikely hero Mickey Barnes finds himself in the extraordinary circumstance of working for an employer who demands the ultimate commitment to the job… to die, for a living.","[""Robert Pattinson"", ""Naomi Ackie"", ""Steven Yeun"", ""Mark Ruffalo"", ""Toni Collette""]",Bong Joon Ho
1403735,Laila,"[""Comedy"", ""Romance""]","Sonu Model, a renowned beautician from the old city, is forced to disguise himself as Laila, leading to a series of comedic, romantic, and action-packed events. Chaos ensues in this hilarious laugh riot","[""Vishwak Sen"", ""Akanksha Sharma"", ""Babloo Prithiveeraj"", ""Abhimanyu Singh"", ""Vineet Kumar""]",Ram Narayan
1229730,Carjackers,"[""Action"", ""Adventure""]","By day, they're invisible—valets, hostesses, and bartenders at a luxury hotel. By night, they're the Carjackers, a crew of skilled drivers who track and rob wealthy clients on the road. As they plan their ultimate heist, the hotel director hires a ruthless hitman, to stop them at all costs. With danger closing in, can Nora, Zoe, Steve, and Prestance pull off their biggest score yet?","[""Zo\u00e9 Marchal"", ""Franck Gastambide"", ""Bosh"", ""Mareva Ranarivelo"", ""Alassane Diong""]",Kamel Guemra
1195585,The Hard Hit,"[""Action"", ""Thriller"", ""Crime""]","An Interpol agent hunting the head of a global crime syndicate tracks his target to Las Vegas, but when the criminal organization kills his wife and daughter, he goes above the law to get his revenge.","[""Brian Ronan Mulroy"", ""Jamie Ohlsen"", ""Malachi Durant"", ""Rob LaColla Jr."", ""Trae Ireland""]",Darien Smith
1252309,Ask Me What You Want,"[""Romance"", ""Drama""]","After his father's death, Eric Zimmerman travels to Spain to oversee his company's branches. In Madrid, he falls for Judith and engage in an intense, erotic relationship full of exploration. However, Eric fears his secret may end their affair.","[""Gabriela Andrada"", ""Mario Ermito"", ""Celia Freijeiro"", ""David Solans"", ""Alba Ribas""]",Lucía Alemany
1126166,Flight Risk,"[""Action"", ""Thriller""]","A U.S. Marshal escorts a government witness to trial after he's accused of getting involved with a mob boss, only to discover that the pilot who is transporting them is also a hitman sent to assassinate the informant. After they subdue him, they're forced to fly together after discovering that there are others attempting to eliminate them.","[""Mark Wahlberg"", ""Michelle Dockery"", ""Topher Grace"", ""Leah Remini"", ""Maaz Ali""]",Mel Gibson
1101401,Sugar Baby,"[""Thriller"", ""Comedy""]","An enterprising Sugar Baby is offered $30,000 to move in with her Sugar Daddy for the week, but soon discovers the sinister secrets trapped within his home.","[""Mary Beth Barone"", ""Nina Bloomgarden"", ""James Tupper"", ""Theo Germaine"", ""Paige Collins""]",Lauren Garroni
1195430,Deva,"[""Action"", ""Thriller"", ""Mystery"", ""Crime""]","Dev Ambre, a ruthless cop, loses his memory in an accident just after he has finished solving a murder case and now has to reinvestigate it while keeping his memory loss a secret from everyone except DCP Farhan Khan.","[""Shahid Kapoor"", ""Pooja Hegde"", ""Pavail Gulati"", ""Pravessh Rana"", ""Girish Kulkarni""]",Rosshan Andrrews
950396,The Gorge,"[""Romance"", ""Science Fiction"", ""Thriller""]","Two highly trained operatives grow close from a distance after being sent to guard opposite sides of a mysterious gorge. When an evil below emerges, they must work together to survive what lies within.","[""Miles Teller"", ""Anya Taylor-Joy"", ""Sigourney Weaver"", ""Sope Dirisu"", ""William Houston""]",Scott Derrickson
1208808,Night Shift,"[""Horror""]","A young nurse with a domestic abuse past starts working the night shift at a small hospital, where, during the night, the ghost of a nurse materializes.","[""Paulina Gaita\u0301n"", ""Tony Dalton"", ""Patricia Reyes Sp\u00edndola"", ""Enoc Lea\u00f1o"", ""Fernanda Echevarr\u00eda del Rivero""]",Rigoberto Castañeda
974576,Conclave,"[""Drama"", ""Thriller"", ""Mystery""]","After the unexpected death of the Pope, Cardinal Lawrence is tasked with managing the covert and ancient ritual of electing a new one. Sequestered in the Vatican with the Catholic Church’s most powerful leaders until the process is complete, Lawrence finds himself at the center of a conspiracy that could lead to its downfall.","[""Ralph Fiennes"", ""Stanley Tucci"", ""John Lithgow"", ""Isabella Rossellini"", ""Lucian Msamati""]",Edward Berger
1165067,Cosmic Chaos,"[""Thriller"", ""Science Fiction""]","Battles in virtual reality, survival in a post-apocalyptic wasteland, a Soviet spaceship giving a distress signal - Fantastic stories created with advanced special effects and passion.","[""Curtis Bechdholt"", ""Caroline Dhavernas"", ""Ken Godmere"", ""Jeananne Goossen"", ""Samantha Neale""]",
1020414,Peter Pan's Neverland Nightmare,"[""Horror"", ""Thriller"", ""Fantasy""]","Wendy Darling strikes out in an attempt to rescue her brother Michael from the clutches of the evil Peter Pan who intends to send him to Neverland. Along the way she meets a twisted Tinkerbell, who is hooked on what she thinks is fairy dust.","[""Martin Portlock"", ""Megan Placito"", ""Kit Green"", ""Peter DeSouza-Feighoney"", ""Charity Kase""]",Scott Chambers
1261050,The Quiet Ones,"[""Action"", ""Drama""]","In 2008, a group of men from Denmark and across Europe pull off the biggest heist of all time on Danish soil. Kasper, a boxer with few chances left in life, is offered the opportunity to plan the robbery by its foreign initiators.","[""Gustav Dyekj\u00e6r Giese"", ""Reda Kateb"", ""Amanda Collin"", ""Christopher Wagelin"", ""Jens Hult\u00e9n""]",Frederik Louis Hviid
1087891,The Amateur,"[""Thriller"", ""Action""]","After his life is turned upside down when his wife is killed in a London terrorist attack, a brilliant but introverted CIA decoder takes matters into his own hands when his supervisors refuse to take action.","[""Rami Malek"", ""Holt McCallany"", ""Danny Sapani"", ""Rachel Brosnahan"", ""Michael Stuhlbarg""]",James Hawes
1282980,825 Forest Road,"[""Horror"", ""Thriller""]","After a family tragedy, Chuck Wilson hopes to start a new life in Ashland Falls with his wife Maria and little sister Elizabeth, but he quickly discovers that the town has a dark history of being haunted by a ghostly woman who drives residents to suicide.","[""Brian Anthony Wilson"", ""Mike Sutton"", ""Lorenzo Beronilla"", ""Elizabeth Vermilyea"", ""Joe Bandelli""]",Stephen Cognetti
1029880,Nightwatch: Demons Are Forever,"[""Horror"", ""Thriller"", ""Mystery""]","Martin's daughter, Emma, takes up a night watch job to find out what happened to her parents almost thirty years ago. A meeting with Wörmer in his cell pulls the serial killer out of his coma and sets in motion a chain of fateful events.","[""Fanny Leander Bornedal"", ""Nikolaj Coster-Waldau"", ""Kim Bodnia"", ""Ulf Pilgaard"", ""Sonja Richter""]",Ole Bornedal
1226572,Superboys of Malegaon,"[""Comedy"", ""Drama""]","The residents of Malegaon look to Bollywood cinema for a much-needed escape from daily drudgery. Amateur filmmaker Nasir Shaikh gets inspired to make a film for the people of Malegaon, by the people of Malegaon. He bands together his ragtag group of friends to bring his vision to life, thereby bringing a fresh lease of life into the town.","[""Adarsh Gourav"", ""Shashank Arora"", ""Vineet Kumar Singh"", ""Anuj Singh Duhan"", ""Saqib Ayub""]",Reema Kagti
1297763,Batman Ninja vs. Yakuza League,"[""Animation"", ""Action""]","The Batman family has returned to the present to discover that Japan has disappeared, and a giant island - Hinomoto - is now in the sky over Gotham City.  At the top sit the Yakuza, a group of superpowered individuals who reign without honor or humanity and look suspiciously like the Justice League. Now, it’s up to Batman and his allies to save Gotham!","[""Koichi Yamadera"", ""Yuki Kaji"", ""Kengo Kawanishi"", ""Daisuke Ono"", ""Akira Ishida""]",Jumpei Mizusaki
1356039,Counterattack,"[""Action"", ""Adventure"", ""Thriller""]","When a hostage rescue mission creates a new enemy, Capt. Guerrero and his elite soldiers must face an ambush by a criminal group.","[""Luis Alberti"", ""No\u00e9 Hern\u00e1ndez"", ""Leonardo Alonso"", ""Luis Curiel"", ""Guillermo Nava""]",Chava Cartas
447273,Snow White,"[""Family"", ""Fantasy""]","Following the benevolent King's disappearance, the Evil Queen dominated the once fair land with a cruel streak. Princess Snow White flees the castle when the Queen, in her jealousy over Snow White's inner beauty, tries to kill her. Deep into the dark woods, she stumbles upon seven magical dwarves and a young bandit named Jonathan. Together, they strive to survive the Queen's relentless pursuit and aspire to take back the kingdom in the process.","[""Rachel Zegler"", ""Gal Gadot"", ""Andrew Burnap"", ""Jeremy Swift"", ""Jason Kravits""]",Marc Webb
1103432,Bloody Escape: Bats out of Hell,"[""Animation"", ""Action"", ""Science Fiction""]","After being turned into a cyborg, Kisaragi faces pursuit from vampires and vengeful yakuza.","[""Jun Fukuyama"", ""Show Hayami"", ""Rina Hidaka"", ""Masayo Kurata""]",Goro Taniguchi
912649,Venom: The Last Dance,"[""Action"", ""Science Fiction"", ""Adventure""]","Eddie and Venom are on the run. Hunted by both of their worlds and with the net closing in, the duo are forced into a devastating decision that will bring the curtains down on Venom and Eddie's last dance.","[""Tom Hardy"", ""Chiwetel Ejiofor"", ""Juno Temple"", ""Rhys Ifans"", ""Stephen Graham""]",Kelly Marcel
1103432,Bloody Escape: Bats out of Hell,"[""Animation"", ""Action"", ""Science Fiction""]","After being turned into a cyborg, Kisaragi faces pursuit from vampires and vengeful yakuza.","[""Jun Fukuyama"", ""Show Hayami"", ""Rina Hidaka"", ""Masayo Kurata""]",Goro Taniguchi
1064486,Memoir of a Snail,"[""Animation"", ""Drama"", ""Comedy""]","Forcibly separated from her twin brother when they are orphaned, a melancholic misfit learns how to find confidence within herself amid the clutter of misfortunes and everyday life.","[""Sarah Snook"", ""Kodi Smit-McPhee"", ""Jacki Weaver"", ""Magda Szubanski"", ""Dominique Pinon""]",Adam Elliot
1010581,My Fault,"[""Romance"", ""Drama""]","Noah must leave her city, boyfriend, and friends to move into William Leister's mansion, the flashy and wealthy husband of her mother Rafaela. As a proud and independent 17 year old, Noah resists living in a mansion surrounded by luxury. However, it is there where she meets Nick, her new stepbrother, and the clash of their strong personalities becomes evident from the very beginning.","[""Nicole Wallace"", ""Gabriel Guevara"", ""Marta Hazas"", ""Iv\u00e1n S\u00e1nchez"", ""Eva Ruiz""]",Domingo González
1029880,Nightwatch: Demons Are Forever,"[""Horror"", ""Thriller"", ""Mystery""]","Martin's daughter, Emma, takes up a night watch job to find out what happened to her parents almost thirty years ago. A meeting with Wörmer in his cell pulls the serial killer out of his coma and sets in motion a chain of fateful events.","[""Fanny Leander Bornedal"", ""Nikolaj Coster-Waldau"", ""Kim Bodnia"", ""Ulf Pilgaard"", ""Sonja Richter""]",Ole Bornedal
519182,Despicable Me 4,"[""Animation"", ""Family"", ""Comedy"", ""Science Fiction""]","Gru and Lucy and their girls—Margo, Edith and Agnes—welcome a new member to the Gru family, Gru Jr., who is intent on tormenting his dad. Gru also faces a new nemesis in Maxime Le Mal and his femme fatale girlfriend Valentina, forcing the family to go on the run.","[""Steve Carell"", ""Kristen Wiig"", ""Will Ferrell"", ""Sof\u00eda Vergara"", ""Miranda Cosgrove""]",Chris Renaud
539972,Kraven the Hunter,"[""Action"", ""Adventure"", ""Thriller""]","Kraven Kravinoff's complex relationship with his ruthless gangster father, Nikolai, starts him down a path of vengeance with brutal consequences, motivating him to become not only the greatest hunter in the world, but also one of its most feared.","[""Aaron Taylor-Johnson"", ""Ariana DeBose"", ""Fred Hechinger"", ""Alessandro Nivola"", ""Christopher Abbott""]",J.C. Chandor
1212855,Fight or Flight,"[""Action"", ""Comedy"", ""Thriller""]",A mercenary takes on the job of tracking down a target on a plane but must protect her when they're surrounded by people trying to kill both of them.,"[""Josh Hartnett"", ""Katee Sackhoff"", ""Marko Zaror"", ""Julian Kostov"", ""Charithra Chandran""]",James Madigan
1304594,Una pequeña confusión,"[""Comedy""]","Lola and Cuau, a progressive middle-class pair, and Iñigo and Majo, a young conservative, well-heeled duo, turn to artificial insemination as a last resort to have children. In a madcap twist based on actual events, a mix-up at the clinic results in each mom-to-be carrying the other one's baby.","[""Ana de la Reguera"", ""Juanpa Zurita"", ""Vico Escorcia"", ""Cristo Fern\u00e1ndez"", ""Diana Bovio""]",Ariel Winograd
533535,Deadpool & Wolverine,"[""Action"", ""Comedy"", ""Science Fiction""]","A listless Wade Wilson toils away in civilian life with his days as the morally flexible mercenary, Deadpool, behind him. But when his homeworld faces an existential threat, Wade must reluctantly suit-up again with an even more reluctant Wolverine.","[""Ryan Reynolds"", ""Hugh Jackman"", ""Emma Corrin"", ""Matthew Macfadyen"", ""Dafne Keen""]",Shawn Levy
927342,Amaran,"[""Action"", ""Drama"", ""Adventure"", ""War""]","A heroic true story of Major Mukund Varadarajan, an Indian Army officer who displayed extraordinary bravery during a counterterrorism mission in Kashmir’s Shopian district. The film captures his courage in protecting his nation and the devotion of his wife Indhu Rebecaa Varghese.","[""Sivakarthikeyan"", ""Sai Pallavi"", ""Rahul Bose"", ""Bhuvan Arora"", ""Lallu Prasath""]",Rajkumar Periasamy
1405338,Demon City,"[""Action"", ""Crime"", ""Fantasy"", ""Thriller""]","Framed for his family's murder and left for dead, an ex-hitman will stop at nothing to exact revenge on the masked ""demons"" who have taken over his city.","[""Toma Ikuta"", ""Masahiro Higashide"", ""Miou Tanaka"", ""Ami Touma"", ""Taro Suruga""]",Seiji Tanaka
558449,Gladiator II,"[""Action"", ""Adventure"", ""Drama""]","Years after witnessing the death of the revered hero Maximus at the hands of his uncle, Lucius is forced to enter the Colosseum after his home is conquered by the tyrannical Emperors who now lead Rome with an iron fist. With rage in his heart and the future of the Empire at stake, Lucius must look to his past to find strength and honor to return the glory of Rome to its people.","[""Paul Mescal"", ""Denzel Washington"", ""Pedro Pascal"", ""Connie Nielsen"", ""Joseph Quinn""]",Ridley Scott
1302916,Heart Eyes,"[""Horror"", ""Comedy"", ""Romance""]","When the ""Heart Eyes Killer"" strikes Seattle, a pair of co-workers pulling overtime on Valentine's Day are mistaken for a couple by the elusive couple-hunting killer. Now, they must spend the most romantic night of the year running for their lives.","[""Olivia Holt"", ""Mason Gooding"", ""Gigi Zumbado"", ""Michaela Watkins"", ""Devon Sawa""]",Josh Ruben
1388366,Popeye the Slayer Man,"[""Horror""]","A curious group of friends sneak into an abandoned spinach canning factory to film a documentary on the legend of the ""Sailor Man,"" who is said to haunt the factory and local docks.","[""Sarah Nicklin"", ""Scott Swope"", ""Angela Relucio"", ""Steven McCormack"", ""Mabel Thomas""]",Robert Michael Ryan
1084199,Companion,"[""Horror"", ""Science Fiction"", ""Thriller""]","During a weekend getaway at a secluded lakeside estate, a group of friends finds themselves entangled in a web of secrets, deception, and advanced technology. As tensions rise and loyalties are tested, they uncover unsettling truths about themselves and the world around them.","[""Sophie Thatcher"", ""Jack Quaid"", ""Lukas Gage"", ""Megan Suri"", ""Harvey Guill\u00e9n""]",Drew Hancock
1104845,Plankton: The Movie,"[""Animation"", ""Adventure"", ""Comedy"", ""Family"", ""Fantasy""]",Plankton's tangled love story with his sentient computer wife goes sideways when she takes a stand — and decides to destroy the world without him.,"[""Mr. Lawrence"", ""Jill Talley"", ""Tom Kenny"", ""Bill Fagerbakke"", ""Rodger Bumpass""]",Dave Needham
1241436,Warfare,"[""War"", ""Action""]","A platoon of Navy SEALs embarks on a dangerous mission in Ramadi, Iraq, with the chaos and brotherhood of war retold through their memories of the event.","[""D'Pharaoh Woon-A-Tai"", ""Cosmo Jarvis"", ""Will Poulter"", ""Charles Melton"", ""Joseph Quinn""]",Ray Mendoza
1184918,The Wild Robot,"[""Animation"", ""Science Fiction"", ""Family""]","After a shipwreck, an intelligent robot called Roz is stranded on an uninhabited island. To survive the harsh environment, Roz bonds with the island's animals and cares for an orphaned baby goose.","[""Lupita Nyong'o"", ""Pedro Pascal"", ""Kit Connor"", ""Bill Nighy"", ""Stephanie Hsu""]",Chris Sanders
1249385,Ghost Game,"[""Horror"", ""Thriller""]","As part of an internet challenge to live undetected in a stranger’s home, a daring couple target an infamous haunted house and endure a series of chilling incidents as they witness a family descending into madness.","[""Kia Dorsey"", ""Zaen Haidar"", ""Aiden Hughes"", ""Vienna Maas"", ""Emily Bennett""]",Jill Gevargizian
1241436,Warfare,"[""War"", ""Action""]","A platoon of Navy SEALs embarks on a dangerous mission in Ramadi, Iraq, with the chaos and brotherhood of war retold through their memories of the event.","[""D'Pharaoh Woon-A-Tai"", ""Cosmo Jarvis"", ""Will Poulter"", ""Charles Melton"", ""Joseph Quinn""]",Ray Mendoza
299536,Avengers: Infinity War,"[""Adventure"", ""Action"", ""Science Fiction""]","As the Avengers and their allies have continued to protect the world from threats too large for any one hero to handle, a new danger has emerged from the cosmic shadows: Thanos. A despot of intergalactic infamy, his goal is to collect all six Infinity Stones, artifacts of unimaginable power, and use them to inflict his twisted will on all of reality. Everything the Avengers have fought for has led up to this moment - the fate of Earth and existence itself has never been more uncertain.","[""Robert Downey Jr."", ""Chris Evans"", ""Chris Hemsworth"", ""Josh Brolin"", ""Mark Ruffalo""]",Anthony Russo
1217379,Hellhound,"[""Action"", ""Crime"", ""Thriller""]","Ready to leave his profession behind, Loreno, an assassin, lends help to an old friend, Cetan, and taking one last job in Thailand seeking out a local kingpin. A lapse in judgment means Loreno crosses paths with old colleague Paul.","[""Louis Mandylor"", ""Vithaya Pansringarm"", ""Van Quattro"", ""Panya Yimmumphai"", ""Winai Wiangyangkung""]",Joshua Dixon
933260,The Substance,"[""Horror"", ""Science Fiction""]","A fading celebrity decides to use a black market drug, a cell-replicating substance that temporarily creates a younger, better version of herself.","[""Demi Moore"", ""Margaret Qualley"", ""Dennis Quaid"", ""Edward Hamilton-Clark"", ""Gore Abrams""]",Coralie Fargeat
1077782,Old Guy,"[""Action"", ""Comedy""]","Stuck at a dead end but vying for the love of spunky club manager Anata, aging contract killer Danny Dolinski is thrilled when The Company pulls him back in the field, but only to train Gen Z newcomer Wihlborg, a prodigy assassin with an attitude.","[""Christoph Waltz"", ""Lucy Liu"", ""Cooper Hoffman"", ""Karishma Navekar"", ""Desmond Edwards""]",Simon West
1113583,"Oh, Canada","[""Drama""]","Famed Canadian-American leftist documentary filmmaker Leonard Fife was one of sixty thousand draft evaders and deserters who fled to Canada to avoid serving in Vietnam. Now in his late seventies, Fife is dying of cancer in Montreal and has agreed to a final interview in which he is determined to bare all his secrets at last, to demythologize his mythologized life.","[""Richard Gere"", ""Uma Thurman"", ""Jacob Elordi"", ""Michael Imperioli"", ""Victoria Hill""]",Paul Schrader
1022789,Inside Out 2,"[""Animation"", ""Adventure"", ""Comedy"", ""Family""]","Teenager Riley's mind headquarters is undergoing a sudden demolition to make room for something entirely unexpected: new Emotions! Joy, Sadness, Anger, Fear and Disgust, who’ve long been running a successful operation by all accounts, aren’t sure how to feel when Anxiety shows up. And it looks like she’s not alone.","[""Amy Poehler"", ""Maya Hawke"", ""Kensington Tallman"", ""Liza Lapira"", ""Tony Hale""]",Kelsey Mann
1294203,My Fault: London,"[""Romance"", ""Drama""]","18-year-old Noah moves from America to London, with her mother who's recently fallen in love with William, a wealthy British businessman. Noah meets William’s son, bad-boy Nick, and soon discovers there is an attraction between them neither can avoid. As Noah spends the summer adjusting to her new life, her devastating past will catch up with her while falling in love for the first time.","[""Asha Banks"", ""Matthew Broome"", ""Eve Macklin"", ""Ray Fearon"", ""Enva Lewis""]",Dani Girdwood
1143407,Sky Force,"[""Action"", ""Thriller""]","In the 1965 Indo-Pak War, India faces a devastating surprise attack. Wing Commander Ahuja leads a retaliatory strike, but Squadron Leader Vijaya goes missing after a heroic solo engagement against a superior enemy jet. Ahuja spends 23 years seeking the truth and uncovering a cover-up.","[""Akshay Kumar"", ""Veer Pahariya"", ""Nimrat Kaur"", ""Sara Ali Khan"", ""Sharad Kelkar""]",Abhishek Kapur
1249289,Alarum,"[""Action"", ""Crime"", ""Thriller""]","Two married spies caught in the crosshairs of an international intelligence network will stop at nothing to obtain a critical asset. Joe and Lara are agents living off the grid whose quiet retreat at a winter resort is blown to shreds when members of the old guard suspect the two may have joined an elite team of rogue spies, known as Alarum.","[""Scott Eastwood"", ""Sylvester Stallone"", ""Willa Fitzgerald"", ""Mike Colter"", ""D.W. Moffett""]",Michael Polish
1059643,Clawfoot,"[""Thriller""]",An upper-class suburban housewife is psychologically terrorized by a manipulative contractor remodeling her bathroom... until the tables are turned and a twisted battle of wits ensues with deliciously unexpected results.,"[""Francesca Eastwood"", ""Milo Gibson"", ""Olivia Culpo"", ""Oliver Cooper"", ""Nestor Carbonell""]",Michael Day
774370,Dog Man,"[""Family"", ""Comedy"", ""Adventure"", ""Animation""]","When a faithful police dog and his human police officer owner are injured together on the job, a harebrained but life-saving surgery fuses the two of them together and Dog Man is born. Dog Man is sworn to protect and serve—and fetch, sit and roll over. As Dog Man embraces his new identity and strives to impress his Chief, he must stop the pretty evil plots of feline supervillain Petey the Cat.","[""Peter Hastings"", ""Pete Davidson"", ""Lil Rel Howery"", ""Isla Fisher"", ""Lucas Hopkins Calderon""]",Peter Hastings
1254786,The Life List,"[""Romance"", ""Comedy"", ""Drama""]","When her mother sends her on a quest to complete a teenage bucket list, a young woman uncovers family secrets, finds romance — and rediscovers herself.","[""Sofia Carson"", ""Kyle Allen"", ""Sebastian de Souza"", ""Connie Britton"", ""Jos\u00e9 Z\u00fa\u00f1iga""]",Adam Brooks
845781,Red One,"[""Action"", ""Comedy"", ""Fantasy""]","After Santa Claus (codename: Red One) is kidnapped, the North Pole's Head of Security must team up with the world's most infamous tracker in a globe-trotting, action-packed mission to save Christmas.","[""Dwayne Johnson"", ""Chris Evans"", ""Lucy Liu"", ""J.K. Simmons"", ""Bonnie Hunt""]",Jake Kasdan
1140847,Cinderella's Revenge,"[""Fantasy"", ""Horror""]","Cinderella finds freedom from her wicked stepmother with the help of her fairy godmother. Only this time, they unleash a plan of bloody vengeance.","[""Lauren Staerck"", ""Natasha Henstridge"", ""Stephanie Lodge"", ""Beatrice Fletcher"", ""Megan Purvis""]",Andy Edwards
1233575,Black Bag,"[""Drama"", ""Mystery"", ""Thriller""]","When intelligence agent Kathryn Woodhouse is suspected of betraying the nation, her husband – also a legendary agent – faces the ultimate test of whether to be loyal to his marriage, or his country.","[""Cate Blanchett"", ""Michael Fassbender"", ""Tom Burke"", ""Marisa Abela"", ""Reg\u00e9-Jean Page""]",Steven Soderbergh
6844,The Ten Commandments,"[""Drama"", ""History""]","Escaping death, a Hebrew infant is raised in a royal household to become a prince. Upon discovery of his true heritage, Moses embarks on a personal quest to reclaim his destiny as the leader and liberator of the Hebrew people.","[""Charlton Heston"", ""Yul Brynner"", ""Anne Baxter"", ""Edward G. Robinson"", ""Yvonne De Carlo""]",Cecil B. DeMille
870028,The Accountant 2,"[""Crime"", ""Thriller"", ""Action""]","When an old acquaintance is murdered, Wolff is compelled to solve the case. Realizing more extreme measures are necessary, Wolff recruits his estranged and highly lethal brother, Brax, to help. In partnership with Marybeth Medina, they uncover a deadly conspiracy, becoming targets of a ruthless network of killers who will stop at nothing to keep their secrets buried.","[""Ben Affleck"", ""Jon Bernthal"", ""Cynthia Addai-Robinson"", ""J.K. Simmons"", ""Daniella Pineda""]",Gavin O'Connor
1064213,Anora,"[""Drama"", ""Comedy"", ""Romance""]","A young sex worker from Brooklyn gets her chance at a Cinderella story when she meets and impulsively marries the son of an oligarch. Once the news reaches Russia, her fairytale is threatened as his parents set out to get the marriage annulled.","[""Mikey Madison"", ""Mark Eydelshteyn"", ""Yura Borisov"", ""Karren Karagulian"", ""Vache Tovmasyan""]",Sean Baker
157336,Interstellar,"[""Adventure"", ""Drama"", ""Science Fiction""]",The adventures of a group of explorers who make use of a newly discovered wormhole to surpass the limitations on human space travel and conquer the vast distances involved in an interstellar voyage.,"[""Matthew McConaughey"", ""Anne Hathaway"", ""Michael Caine"", ""Jessica Chastain"", ""Casey Affleck""]",Christopher Nolan
1141233,Super Papa,"[""Comedy"", ""Family""]","For the 8th birthday of his son Gaby, Tom, unwittingly offers him a book ... which contains only blank pages. Faced with Gaby's disappointment and in order not to lose face, Tom pretends that it is a magic book: all you have to do is write your dreams in it for them to come true. This is how, totally overwhelmed, Tom will do everything he can to make his son's dreams come true, even the wildest ones!","[""Ahmed Sylla"", ""Isma\u00ebl Bangoura"", ""Julien Pestel"", ""Louise Coldefy"", ""Zabou Breitman""]",Léa Lando
597,Titanic,"[""Drama"", ""Romance""]","101-year-old Rose DeWitt Bukater tells the story of her life aboard the Titanic, 84 years later. A young Rose boards the ship with her mother and fiancé. Meanwhile, Jack Dawson and Fabrizio De Rossi win third-class tickets aboard the ship. Rose tells the whole story from Titanic's departure through to its death—on its first and last voyage—on April 15, 1912.","[""Leonardo DiCaprio"", ""Kate Winslet"", ""Billy Zane"", ""Kathy Bates"", ""Frances Fisher""]",James Cameron
1118031,Apocalypse Z: The Beginning of the End,"[""Drama"", ""Action"", ""Horror""]","When a kind of rabies that transforms people into aggressive creatures spreads across the planet, Manel isolates himself at home with his cat, relying on his wits to survive; but soon they must go out in search of food, by land and by sea, dodging many dangers.","[""Francisco Ortiz"", ""Jos\u00e9 Mar\u00eda Y\u00e1zpik"", ""Berta V\u00e1zquez"", ""Iria del R\u00edo"", ""Marta Poveda""]",Carles Torrens
1013601,The Alto Knights,"[""Crime"", ""Drama"", ""History""]","Two of New York's most notorious organized crime bosses, Frank Costello and Vito Genovese, vie for control of the city's streets. Once the best of friends, petty jealousies and a series of betrayals place them on a deadly collision course that will reshape the Mafia (and America) forever.","[""Robert De Niro"", ""Debra Messing"", ""Cosmo Jarvis"", ""Kathrine Narducci"", ""Michael Rispoli""]",Barry Levinson
1181107,The King of Kings,"[""Animation"", ""Drama"", ""Family"", ""Fantasy""]","Charles Dickens tells his young son Walter the greatest story ever told, and what begins as a bedtime tale becomes a life-changing journey. Through vivid imagination, the boy walks alongside Jesus, witnessing His miracles, facing His trials, and understanding His ultimate sacrifice.","[""Oscar Isaac"", ""Kenneth Branagh"", ""Uma Thurman"", ""Pierce Brosnan"", ""Roman Griffin Davis""]",Jang Seong-ho
198663,The Maze Runner,"[""Action"", ""Mystery"", ""Science Fiction"", ""Thriller""]","Set in a post-apocalyptic world, young Thomas is deposited in a community of boys after his memory is erased, soon learning they're all trapped in a maze that will require him to join forces with fellow “runners” for a shot at escape.","[""Dylan O'Brien"", ""Kaya Scodelario"", ""Aml Ameen"", ""Thomas Brodie-Sangster"", ""Ki Hong Lee""]",Wes Ball
665,Ben-Hur,"[""History"", ""Drama"", ""Adventure"", ""Action""]","In 25 AD, Judah Ben-Hur, a Jew in ancient Judea, opposes the occupying Roman empire.  Falsely accused by a Roman childhood friend-turned-overlord of trying to kill the Roman governor, he is put into slavery and his mother and sister are taken away as prisoners.","[""Charlton Heston"", ""Stephen Boyd"", ""Hugh Griffith"", ""Jack Hawkins"", ""Haya Harareet""]",William Wyler
1149137,The Travelling Dog,"[""Family"", ""Adventure""]","The life of Zuzia, whose dad works on the railway, changes mas-sively when Lampo, an extraordinary travelling dog, joins the family. The remarkable shepherd dog, whose train trips are an internet sensation, immediately becomes the best friend of the girl suffering from a heart condition.","[""Liliana Zajbert"", ""Mateusz Dami\u0119cki"", ""Monika Piku\u0142a"", ""Adam Woronowicz"", ""Maksymilian Zieli\u0144ski""]",Magdalena Nieć
24428,The Avengers,"[""Science Fiction"", ""Action"", ""Adventure""]","When an unexpected enemy emerges and threatens global safety and security, Nick Fury, director of the international peacekeeping agency known as S.H.I.E.L.D., finds himself in need of a team to pull the world back from the brink of disaster. Spanning the globe, a daring recruitment effort begins!","[""Robert Downey Jr."", ""Chris Evans"", ""Mark Ruffalo"", ""Chris Hemsworth"", ""Scarlett Johansson""]",Joss Whedon
1457124,Titanic: The Digital Resurrection,"[""Documentary""]","Using cutting-edge scanning technology and state-of-the-art CGI, a team of experts creates the first high-resolution 3D digital twin of the Titanic wreck. Through a groundbreaking immersive investigation, they uncover the ship’s final moments, shedding light on the acts of heroism and cowardice aboard—and revealing the true story behind the sinking of the “unsinkable” ship.","[""Josh Goodman"", ""Parks Stephenson"", ""Jennifer Hooper"", ""Chris Hearn"", ""Yasmin Khan""]",Fergus Colville
1190462,Breathing In,"[""Horror"", ""Thriller"", ""Drama""]","1901, South Africa. As the Second Anglo-Boer War rages on, a wounded General seeks refuge in the small home of a woman and her young daughter. As the hurt man settles in, he begins noticing that something is off about the two women, particularly the daughter, and before long, he’ll learn the real reason for why they’ve invited him and for how they’ve survived on their own for so long.","[""Michele Burgers"", ""Sven Ruygrok"", ""Jamie-Lee Money"", ""Lionel Newton""]",Jaco Bouwer
1062276,Dark Match,"[""Action"", ""Horror""]","A small-time wrestling company accepts a well-paying gig in a backwoods town only to learn, too late, that the community is run by a mysterious cult leader with devious plans for their match.","[""Ayisha Issa"", ""Steven Ogg"", ""Mo Jabari"", ""Sara Canning"", ""Chris Irvine""]",Lowell Dean
1357633,Solo Leveling -ReAwakening-,"[""Action"", ""Adventure"", ""Fantasy"", ""Animation""]","Over a decade after 'gates' connecting worlds appeared, awakening 'hunters' with superpowers, weakest hunter Sung Jinwoo encounters a double dungeon and accepts a mysterious quest, becoming the only one able to level up, changing his fate. A catch-up recap of the first season coupled with an exclusive sneak peek of the first two episodes of the highly anticipated second season in one momentous theatrical fan experience.","[""Taito Ban"", ""Genta Nakamura"", ""Haruna Mikawa"", ""Reina Ueda"", ""Daisuke Hirakawa""]",Shunsuke Nakashige
1035048,Elevation,"[""Action"", ""Science Fiction"", ""Thriller""]",A single father and two women venture from the safety of their homes to face monstrous creatures to save the life of a young boy.,"[""Anthony Mackie"", ""Morena Baccarin"", ""Maddie Hasson"", ""Danny Boyd Jr."", ""Rachel Nicks""]",George Nolfi
411,"The Chronicles of Narnia: The Lion, the Witch and the Wardrobe","[""Adventure"", ""Family"", ""Fantasy""]","Siblings Lucy, Edmund, Susan and Peter step through a magical wardrobe and find the land of Narnia. There, they discover a charming, once peaceful kingdom that has been plunged into eternal winter by the evil White Witch, Jadis. Aided by the wise and magnificent lion, Aslan, the children lead Narnia into a spectacular, climactic battle to be free of the Witch's glacial powers forever.","[""William Moseley"", ""Anna Popplewell"", ""Skandar Keynes"", ""Georgie Henley"", ""Liam Neeson""]",Andrew Adamson
680,Pulp Fiction,"[""Thriller"", ""Crime""]","A burger-loving hit man, his philosophical partner, a drug-addled gangster's moll and a washed-up boxer converge in this sprawling, comedic crime caper. Their adventures unfurl in three stories that ingeniously trip back and forth in time.","[""John Travolta"", ""Samuel L. Jackson"", ""Uma Thurman"", ""Bruce Willis"", ""Ving Rhames""]",Quentin Tarantino
238,The Godfather,"[""Drama"", ""Crime""]","Spanning the years 1945 to 1955, a chronicle of the fictional Italian-American Corleone crime family. When organized crime family patriarch, Vito Corleone barely survives an attempt on his life, his youngest son, Michael steps in to take care of the would-be killers, launching a campaign of bloody revenge.","[""Marlon Brando"", ""Al Pacino"", ""James Caan"", ""Robert Duvall"", ""Richard S. Castellano""]",Francis Ford Coppola
573435,Bad Boys: Ride or Die,"[""Action"", ""Comedy"", ""Crime"", ""Thriller"", ""Adventure""]","After their late former Captain is framed, Lowrey and Burnett try to clear his name, only to end up on the run themselves.","[""Will Smith"", ""Martin Lawrence"", ""Vanessa Hudgens"", ""Alexander Ludwig"", ""Paola Nu\u00f1ez""]",Adil El Arbi
1147416,"Miraculous World: London, At the Edge of Time","[""Animation"", ""Adventure"", ""Action"", ""Fantasy""]","To save the future from a terrible fate, Marinette becomes Chronobug and teams up with Bunnyx to defeat a mysterious opponent who travels through time. Who is this new supervillain, and why are they obsessed with exposing Marinette's secret superhero identity? Marinette's only hope is to defeat her new opponent to prevent the end of Ladybug and time itself!","[""Annouck Hautbois"", ""Benjamin Bollen"", ""Marie Nonnenmacher"", ""Thierry Kazazian"", ""Adeline Chetail""]",Thomas Astruc
